<?xml version="1.0" encoding="utf-8"?>
<resources>
    <color name="purple_200">#FFBB86FC</color>
    <color name="purple_500">#FF6200EE</color>
    <color name="purple_700">#FF3700B3</color>
    <color name="teal_200">#FF03DAC5</color>
    <color name="teal_700">#FF018786</color>
    <color name="black">#FF000000</color>
    <color name="white">#FFFFFFFF</color>

    <!-- Pokemon Types Colors -->

    <color name="flying">#89AAE3</color>
    <color name="poison">#B567CE</color>
    <color name="ground">#D97845</color>
    <color name="fire">#FF9D55</color>
    <color name="ghost">#5269AD</color>
    <color name="ice">#73CEC0</color>
    <color name="psychic">#FA7179</color>
    <color name="rock">#C5B78C</color>
    <color name="steel">#5A8EA2</color>
    <color name="water">#5090D6</color>
    <color name="grass">#63BC5A</color>
    <color name="normal">#919AA2</color>
    <color name="bug">#91C12F</color>
    <color name="dark">#5A5465</color>
    <color name="dragon">#0B6DC3</color>
    <color name="fighting">#CE416B</color>
    <color name="electric">#F4D23C</color>
    <color name="fairy">#EC8FE6</color>


    <color name="button_selected">#173EA5</color>
    <color name="button_unselected">#CCCCCC</color>


    <!-- Pokemon Stats Colors -->

    <color name="md_yellow_100">#FFD600</color>
    <color name="md_yellow_200">#FBC02D</color>
    <color name="md_amber_700">#FFA000</color>
    <color name="md_orange_100">#FFA726</color>
    <color name="md_orange_200">#FF6D00</color>
    <color name="md_green_100">#81C784</color>
    <color name="md_green_200">#388E3C</color>
    <color name="md_blue_100">#81D4fA</color>
    <color name="md_blue_200">#0091EA</color>

    <color name="light_blue_600">#FF039BE5</color>
    <color name="light_blue_900">#FF01579B</color>
    <color name="light_blue_A200">#FF40C4FF</color>
    <color name="light_blue_A400">#FF00B0FF</color>
    <color name="black_overlay">#66000000</color>

    <!-- Grey Colors -->
    <color name="grey_100">#333333</color>
    <color name="grey_90">#B3B3B3</color>
    <color name="grey_50">#999999</color>
    <color name="grey_40">#CCCCCC</color>
    <color name="grey_30">#808080</color>
    <color name="grey_10">#E6E6E6</color>
    <color name="grey_5">#F2F2F2</color>
    <color name="grey_70">#4d4d4d</color>

    <!-- Black Colors -->
    <color name="black_60">#99000000</color>
    <color name="black_90">#E6000000</color>
    <color name="black_70">#B3000000</color>
    <color name="black_95">#F2000000</color>


    <!-- White Colors -->
    <color name="white_60">#99FFFFFF</color>
    <color name="white_90">#E6FFFFFF</color>
    <color name="white_70">#B3FFFFFF</color>


</resources>